Workbook
Name Slicer_Location1: #N/A
Name Slicer_Price_Category: #N/A
Name Slicer_Price_Category1: #N/A
Name Slicer_Property_Type: #N/A
Name Slicer_Year__Colomn1: #N/A

Sheet Raw_Data
A1: Property_ID | B1: Listing_Date | C1: Property_Type | D1: Location | E1: Size_Sqm | F1: Bedrooms | G1: Price
A2: PRP0045 | B2: 46033 | C2: Apartment | D2: Hargeisa | E2: 59 | F2: 5 | G2: 33315.8
A3: PRP0188 | B3: 46142 | D3: Baidoa | E3: 185 | F3: 1 | G3: 66750.47
B4: 45699 | C4: Villa | D4: Mogadishu | E4: 400 | F4: 5 | G4: 372852.18
A5: PRP0212 | C5: House | D5: Mogadishu | E5: 284 | F5: 3 | G5: 187104.95
A6: PRP0141 | B6: 46009 | C6: Commercial | D6: Hargeisa | F6: 0 | G6: 283316.37
A7: PRP0230 | B7: 46132 | C7: Apartment | D7: Mogadishu | F7: 6 | G7: 58741.9
A8: PRP0255 | B8: 46197 | C8: Apartment | D8: Baidoa | E8: 146 | G8: 64417.58
A9: PRP0208 | B9: 46168 | C9: Apartment | D9: Mogadishu | E9: 50 | G9: 44214.57
A10: PRP0273 | B10: 46043 | C10: Apartment | D10: Baidoa | E10: 56 | F10: 2 | G10: 18933.72
A11: PRP0016 | B11: 45855 | C11: Commercial | D11: Baidoa | E11: 374 | F11: 0 | G11: 167091.21
A12: PRP0062 | B12: 45982 | D12: Mogadishu | E12: 186 | F12: 4 | G12: 154685.01
A13: PRP0091 | B13: 46108 | D13: Hargeisa | E13: 1005 | F13: N/A | G13: 380318.1
A14: PRP0197 | B14: 45979 | C14: Apartment | D14: Mogadishu | E14: 135 | F14: 1 | G14: 85595.89
A15: PRP0137 | B15: 45862 | C15: Apartment | D15: Hargeisa | E15: 69 | F15: 6 | G15: 53710.9
B16: 45820 | C16: Apartment | D16: Mogadishu | E16: 153 | F16: 5 | G16: 94612.52
A17: PRP0168 | B17: 46038 | C17: Apartment | D17: Mogadishu | E17: 84 | F17: 4 | G17: 69993.85
A18: PRP0025 | B18: 45662 | C18: Land | D18: Baidoa | E18: 540 | F18: 0 | G18: 175133.17
A19: PRP0118 | B19: 46195 | C19: House | D19: Mogadishu | E19: 124 | F19: 6 | G19: 87390.52
A20: PRP0276 | C20: Apartment | D20: Mogadishu | E20: 106 | F20: 4 | G20: 97362.81
A21: PRP0149 | B21: 46127 | C21: Apartment | D21: Mogadishu | E21: 78 | F21: 4 | G21: 59333.36
A22: PRP0223 | B22: 45707 | C22: Apartment | D22: Hargeisa | E22: 86 | F22: 6 | G22: 61674.83
A23: PRP0159 | B23: 45851 | C23: Land | D23: Mogadishu | E23: 813 | F23: 0 | G23: 505246.4
A24: PRP0287 | C24: Commercial | D24: Mogadishu | E24: 82 | F24: 0 | G24: NULL
A25: PRP0122 | B25: 45756 | C25: House | D25: Hargeisa | F25: 3 | G25: 109022.54
A26: PRP0267 | B26: 45929 | C26: House | D26: Mogadishu | E26: 126 | F26: 2 | G26: 80684.99
A27: PRP0169 | B27: 46017 | C27: Land | D27: garowe | E27: 1131 | F27: 0 | G27: 436421.06
A28: PRP0245 | B28: 46055 | C28: Villa | D28: Bosaso | E28: 241 | F28: 5 | G28: 205954.15
A29: PRP0112 | B29: 45999 | C29: Apartment | D29: Kismayo | E29: 165 | F29: 3 | G29: 71013.35
B30: 46107 | C30: Villa | D30: Garowe | E30: 246 | F30: 4 | G30: 189700.22
A31: PRP0003 | B31: 46157 | C31: House | D31: Kismayo | E31: 269 | F31: 5 | G31: 117783.73
A32: PRP0177 | B32: 45822 | C32: Villa | D32: Mogadishu | E32: 428 | F32: 4 | G32: 423951.96
A33: PRP0081 | B33: 46130 | C33: House | D33: Bosaso | E33: 118 | F33: 2 | G33: 64706.06
A34: PRP0018 | B34: 46187 | D34: Bosaso | E34: 375 | F34: 0 | G34: 360319.2
A35: PRP0187 | B35: 46216 | C35: Land | D35: Baidoa | F35: 0 | G35: 258143.66
A36: PRP0269 | B36: 45865 | C36: House | D36: Hargeisa | E36: 91 | F36: 2 | G36: 67703.18
A37: PRP0072 | B37: 46225 | C37: Villa | D37: Hargeisa | E37: 432 | F37: 1
A38: PRP0196 | B38: 45844 | C38: House | E38: 233 | F38: 4 | G38: 204504.39
A39: PRP0155 | B39: 45711 | C39: Commercial | D39: Baidoa | F39: 0 | G39: 299493.28
A40: PRP0277 | B40: 45974 | C40: Commercial | D40: Baidoa | E40: 428 | F40: 0 | G40: 244310.76
A41: PRP0214 | B41: 45751 | C41: - | D41: Hargeisa | E41: 160 | F41: 1 | G41: 90180.06
A42: PRP0220 | B42: 46197 | C42: Apartment | D42: Mogadishu | E42: 107 | F42: 5 | G42: 99170.67
A43: PRP0265 | B43: 45987 | C43: Apartment | D43: Hargeisa | E43: 127 | F43: 3 | G43: 86128.1
A44: PRP0089 | B44: 46023 | C44: House | D44: Hargeisa | E44: 180 | F44: 4 | G44: 134013.77
A45: PRP0114 | B45: 46066 | C45: Villa | D45: Hargeisa | F45: 5 | G45: 358718.1
A46: PRP0266 | B46: 46039 | C46: Apartment | D46: Mogadishu | E46: 80 | F46: 5 | G46: 49798.06
A47: PRP0029 | B47: 45683 | C47: Apartment | D47: Garowe | F47: 3 | G47: 62007.71
A48: PRP0236 | B48: 45738 | C48: Land | D48: Hargeisa | E48: 382 | F48: 0
A49: PRP0175 | B49: 45990 | C49: House | D49: Mogadishu | E49: 135 | F49: 6 | G49: 120945.17
A50: PRP0108 | B50: 45673 | C50: House | D50: Bosaso | E50: 125 | F50: 3 | G50: 84348.09
A51: PRP0050 | B51: 46127 | C51: Villa | D51: Hargeisa | E51: 450 | F51: 6 | G51: 283192.93
A52: PRP0193 | B52: 45727 | C52: Land | D52: Bosaso | E52: 623 | F52: 0 | G52: 258642.14
B53: 46207 | C53: Commercial | D53: Baidoa | E53: 64 | F53: 0 | G53: 33565.63
A54: PRP0256 | B54: 45891 | C54: Apartment | E54: 147 | F54: 2
B55: 45856 | C55: Apartment | D55: Mogadishu | E55: 103 | F55: 5 | G55: 66440.8
A56: PRP0153 | B56: 46201 | C56: Villa | D56: Mogadishu | F56: 2 | G56: 335495.55
A57: PRP0242 | B57: 45913 | C57: Apartment | D57: Baidoa | E57: 117 | F57: 6
A58: PRP0191 | B58: 46002 | C58: Apartment | E58: 50 | F58: 3 | G58: 44833.77
A59: PRP0217 | B59: 46194 | C59: House | D59: Hargeisa | E59: 228 | F59: 1 | G59: 133143.54
A60: PRP0032 | B60: 45958 | C60: Villa | D60: Mogadishu | E60: 317 | F60: 3 | G60: 384484.34
A61: PRP0158 | B61: 46215 | C61: Apartment | D61: Kismayo | E61: 156 | F61: 6 | G61: 79557.26
A62: PRP0020 | B62: 45705 | C62: Land | E62: 647 | F62: 0 | G62: 220606.86
A63: PRP0250 | B63: 46079 | C63: Apartment | D63: Bosaso | E63: 85 | F63: 1 | G63: 46503.12
A64: PRP0092 | B64: 45785 | C64: Villa | D64: Bosaso | E64: 254 | F64: 6 | G64: 145052.32
A65: PRP0286 | B65: 45721 | C65: Villa | D65: Bosaso | E65: 185 | F65: 2 | G65: 103458.47
A66: PRP0207 | B66: 46218 | C66: Land | D66: Garowe | E66: 699 | F66: 0 | G66: 258452.71
A67: PRP0183 | B67: 45841 | C67: Apartment | D67: Garowe | E67: 91 | F67: 4 | G67: 39330.03
A68: PRP0146 | B68: 45797 | C68: Commercial | D68: Mogadishu | E68: 196 | F68: 0 | G68: 180591.82
A69: PRP0040 | B69: 46034 | C69: Apartment | D69: Mogadishu | E69: 133 | F69: 5 | G69: 105680.17
A70: PRP0182 | B70: 45905 | C70: Villa | D70: Mogadishu | E70: 211 | F70: 2 | G70: 209482.86
A71: PRP0268 | C71: Land | D71: Baidoa | E71: 1078 | F71: 0 | G71: 340698.41
A72: PRP0262 | B72: 45722 | C72: Apartment | D72: Mogadishu | E72: 172 | G72: 170994.69
A73: PRP0031 | B73: 46157 | C73: Land | D73: Garowe | E73: 883 | F73: 0 | G73: 375425.55
A74: PRP0080 | B74: 46070 | C74: Commercial | D74: Mogadishu | E74: 69 | F74: 0 | G74: 91262.04
A75: PRP0173 | C75: house | D75: Mogadishu | E75: 166 | F75: 2 | G75: 133326.93
A76: PRP0248 | B76: 45971 | C76: Land | D76: Baidoa | E76: 595 | F76: 0 | G76: 149841.1
A77: PRP0136 | B77: 46050 | C77: Apartment | D77: Mogadishu | E77: 89 | F77: 6 | G77: 64626.19
A78: PRP0079 | B78: 45701 | C78: Land | D78: Mogadishu | E78: 586 | F78: 0 | G78: 238979.75
A79: PRP0225 | B79: 46114 | C79: Apartment | D79: MOGADISHU | E79: 145 | F79: 2 | G79: 102546.99
A80: PRP0057 | B80: 46198 | C80: Land | D80: Kismayo | E80: 887 | F80: 0 | G80: 330469.31
A81: PRP0181 | B81: 45883 | C81: House | D81: Mogadishu | E81: 297 | F81: 4 | G81: 310767.87
A82: PRP0027 | B82: 46037 | C82: House | D82: Kismayo | E82: 291 | F82: 3 | G82: 157439.37
A83: PRP0247 | B83: 45835 | C83: House | D83: Garowe | E83: 235 | G83: 111417.31
A84: PRP0131 | B84: 45844 | C84: Apartment | D84: Garowe | E84: 150 | F84: 5 | G84: 67235.58
A85: PRP0051 | B85: 45732 | C85: Land | D85: Baidoa | E85: 843 | F85: 0 | G85: 253248.66
A86: PRP0139 | B86: 46089 | C86: Apartment | D86: Bosaso | E86: 124 | F86: 3 | G86: 62620.84
A87: PRP0110 | B87: 46194 | D87: Hargeisa | E87: 167 | F87: 3 | G87: 91681.95
A88: PRP0278 | B88: 46056 | C88: Commercial | D88: Bosaso | E88: 231 | G88: 214717.06
A89: PRP0021 | B89: 46128 | C89: Apartment | D89: Mogadishu | E89: 112 | F89: N/A
A90: PRP0090 | B90: 45868 | C90: Apartment | D90: Mogadishu | E90: 97 | F90: 6 | G90: 58265.18
A91: PRP0083 | B91: 45878 | C91: Land | D91: Hargeisa | E91: 934 | F91: 0 | G91: 432360.21
A92: PRP0240 | C92: House | D92: Bosaso | E92: 194 | F92: 1 | G92: 135462.84
A93: PRP0009 | B93: 46045 | C93: Apartment | D93: Mogadishu | E93: 77 | F93: 3 | G93: 70238.49
A94: PRP0243 | B94: 45994 | C94: Commercial | D94: Mogadishu | E94: 229 | G94: 298104.53
A95: PRP0138 | B95: 45844 | C95: House | D95: Garowe | E95: 161 | F95: 4 | G95: 110245.28
A96: PRP0154 | B96: 46186 | C96: Commercial | E96: 206 | F96: 0 | G96: 168595.17
A97: PRP0258 | B97: 46036 | C97: Apartment | D97: Garowe | E97: 116 | F97: 3 | G97: 73511.17
A98: PRP0234 | B98: 45813 | C98: Apartment | D98: Baidoa | E98: 141 | F98: 6 | G98: 64690.11
A99: PRP0101 | B99: 45680 | C99: Commercial | D99: Garowe | E99: 271 | F99: 0 | G99: 265541.71
A100: PRP0104 | B100: 45951 | C100: Commercial | D100: Hargeisa | E100: 448 | F100: 0 | G100: 445115.15
...

Sheet Clean_Data
A1: Property_ID | B1: Listing_Date | C1: Property_Type | D1: Location | E1: Size_Sqm | F1: Bedrooms | G1: Price | H1: Price_Category | I1: Days Since Listing | J1: ID_Extracted | K1: Location Length | L1: Standardized | M1: Standardized2 | N1: Year _Colomn
A2: PRP0045 | B2: 46033 | C2: Apartment | D2: Hargeisa | E2: 59 | F2: 5 | G2: 33315.8 | H2: =_xlfn.IFS(G2>=200000,"High",G2>=100000,"Medium",G2<100000,"Low") -> Low | I2: =IF(OR(B2="Unknown",B2=""),"Unknown",TODAY()-B2) -> 226 | J2: =RIGHT(A2,4) -> 0045 | K2: =LEN(D2) -> 8 | L2: =PROPER(C2) -> Apartment | M2: =PROPER(D2) -> Hargeisa | N2: =IF(B2="Unknown","Unknown",YEAR(B2)) -> 2026
A3: PRP0188 | B3: 46142 | C3: Unknown | D3: Baidoa | E3: 185 | F3: 1 | G3: 66750.47 | H3: =_xlfn.IFS(G3>=200000,"High",G3>=100000,"Medium",G3<100000,"Low") -> Low | I3: =IF(OR(B3="Unknown",B3=""),"Unknown",TODAY()-B3) -> 117 | J3: =RIGHT(A3,4) -> 0188 | K3: =LEN(D3) -> 6 | L3: =PROPER(C3) -> Unknown | M3: =PROPER(D3) -> Baidoa | N3: =IF(B3="Unknown","Unknown",YEAR(B3)) -> 2026
A4: Unknown01 | B4: 45699 | C4: Villa | D4: Mogadishu | E4: 400 | F4: 5 | G4: 372852.18 | H4: =_xlfn.IFS(G4>=200000,"High",G4>=100000,"Medium",G4<100000,"Low") -> High | I4: =IF(OR(B4="Unknown",B4=""),"Unknown",TODAY()-B4) -> 560 | J4: =RIGHT(A4,4) -> wn01 | K4: =LEN(D4) -> 9 | L4: =PROPER(C4) -> Villa | M4: =PROPER(D4) -> Mogadishu | N4: =IF(B4="Unknown","Unknown",YEAR(B4)) -> 2025
A5: PRP0212 | B5: Unknown | C5: House | D5: Mogadishu | E5: 284 | F5: 3 | G5: 187104.95 | H5: =_xlfn.IFS(G5>=200000,"High",G5>=100000,"Medium",G5<100000,"Low") -> Medium | I5: =IF(OR(B5="Unknown",B5=""),"Unknown",TODAY()-B5) -> Unknown | J5: =RIGHT(A5,4) -> 0212 | K5: =LEN(D5) -> 9 | L5: =PROPER(C5) -> House | M5: =PROPER(D5) -> Mogadishu | N5: =IF(B5="Unknown","Unknown",YEAR(B5)) -> Unknown
A6: PRP0141 | B6: 46009 | C6: Commercial | D6: Hargeisa | E6: 295 | F6: 0 | G6: 283316.37 | H6: =_xlfn.IFS(G6>=200000,"High",G6>=100000,"Medium",G6<100000,"Low") -> High | I6: =IF(OR(B6="Unknown",B6=""),"Unknown",TODAY()-B6) -> 250 | J6: =RIGHT(A6,4) -> 0141 | K6: =LEN(D6) -> 8 | L6: =PROPER(C6) -> Commercial | M6: =PROPER(D6) -> Hargeisa | N6: =IF(B6="Unknown","Unknown",YEAR(B6)) -> 2025
A7: PRP0230 | B7: 46132 | C7: Apartment | D7: Mogadishu | E7: 295 | F7: 6 | G7: 58741.9 | H7: =_xlfn.IFS(G7>=200000,"High",G7>=100000,"Medium",G7<100000,"Low") -> Low | I7: =IF(OR(B7="Unknown",B7=""),"Unknown",TODAY()-B7) -> 127 | J7: =RIGHT(A7,4) -> 0230 | K7: =LEN(D7) -> 9 | L7: =PROPER(C7) -> Apartment | M7: =PROPER(D7) -> Mogadishu | N7: =IF(B7="Unknown","Unknown",YEAR(B7)) -> 2026
A8: PRP0255 | B8: 46197 | C8: Apartment | D8: Baidoa | E8: 146 | F8: 3 | G8: 64417.58 | H8: =_xlfn.IFS(G8>=200000,"High",G8>=100000,"Medium",G8<100000,"Low") -> Low | I8: =IF(OR(B8="Unknown",B8=""),"Unknown",TODAY()-B8) -> 62 | J8: =RIGHT(A8,4) -> 0255 | K8: =LEN(D8) -> 6 | L8: =PROPER(C8) -> Apartment | M8: =PROPER(D8) -> Baidoa | N8: =IF(B8="Unknown","Unknown",YEAR(B8)) -> 2026
A9: PRP0208 | B9: 46168 | C9: Apartment | D9: Mogadishu | E9: 50 | F9: 3 | G9: 44214.57 | H9: =_xlfn.IFS(G9>=200000,"High",G9>=100000,"Medium",G9<100000,"Low") -> Low | I9: =IF(OR(B9="Unknown",B9=""),"Unknown",TODAY()-B9) -> 91 | J9: =RIGHT(A9,4) -> 0208 | K9: =LEN(D9) -> 9 | L9: =PROPER(C9) -> Apartment | M9: =PROPER(D9) -> Mogadishu | N9: =IF(B9="Unknown","Unknown",YEAR(B9)) -> 2026
A10: PRP0273 | B10: 46043 | C10: Apartment | D10: Baidoa | E10: 56 | F10: 2 | G10: 18933.72 | H10: =_xlfn.IFS(G10>=200000,"High",G10>=100000,"Medium",G10<100000,"Low") -> Low | I10: =IF(OR(B10="Unknown",B10=""),"Unknown",TODAY()-B10) -> 216 | J10: =RIGHT(A10,4) -> 0273 | K10: =LEN(D10) -> 6 | L10: =PROPER(C10) -> Apartment | M10: =PROPER(D10) -> Baidoa | N10: =IF(B10="Unknown","Unknown",YEAR(B10)) -> 2026
A11: PRP0016 | B11: 45855 | C11: Commercial | D11: Baidoa | E11: 374 | F11: 0 | G11: 167091.21 | H11: =_xlfn.IFS(G11>=200000,"High",G11>=100000,"Medium",G11<100000,"Low") -> Medium | I11: =IF(OR(B11="Unknown",B11=""),"Unknown",TODAY()-B11) -> 404 | J11: =RIGHT(A11,4) -> 0016 | K11: =LEN(D11) -> 6 | L11: =PROPER(C11) -> Commercial | M11: =PROPER(D11) -> Baidoa | N11: =IF(B11="Unknown","Unknown",YEAR(B11)) -> 2025
A12: PRP0062 | B12: 45982 | C12: Unknown | D12: Mogadishu | E12: 186 | F12: 4 | G12: 154685.01 | H12: =_xlfn.IFS(G12>=200000,"High",G12>=100000,"Medium",G12<100000,"Low") -> Medium | I12: =IF(OR(B12="Unknown",B12=""),"Unknown",TODAY()-B12) -> 277 | J12: =RIGHT(A12,4) -> 0062 | K12: =LEN(D12) -> 9 | L12: =PROPER(C12) -> Unknown | M12: =PROPER(D12) -> Mogadishu | N12: =IF(B12="Unknown","Unknown",YEAR(B12)) -> 2025
A13: PRP0091 | B13: 46108 | C13: Unknown | D13: Hargeisa | E13: 1005 | F13: 3 | G13: 380318.1 | H13: =_xlfn.IFS(G13>=200000,"High",G13>=100000,"Medium",G13<100000,"Low") -> High | I13: =IF(OR(B13="Unknown",B13=""),"Unknown",TODAY()-B13) -> 151 | J13: =RIGHT(A13,4) -> 0091 | K13: =LEN(D13) -> 8 | L13: =PROPER(C13) -> Unknown | M13: =PROPER(D13) -> Hargeisa | N13: =IF(B13="Unknown","Unknown",YEAR(B13)) -> 2026
A14: PRP0197 | B14: 45979 | C14: Apartment | D14: Mogadishu | E14: 135 | F14: 1 | G14: 85595.89 | H14: =_xlfn.IFS(G14>=200000,"High",G14>=100000,"Medium",G14<100000,"Low") -> Low | I14: =IF(OR(B14="Unknown",B14=""),"Unknown",TODAY()-B14) -> 280 | J14: =RIGHT(A14,4) -> 0197 | K14: =LEN(D14) -> 9 | L14: =PROPER(C14) -> Apartment | M14: =PROPER(D14) -> Mogadishu | N14: =IF(B14="Unknown","Unknown",YEAR(B14)) -> 2025
A15: PRP0137 | B15: 45862 | C15: Apartment | D15: Hargeisa | E15: 69 | F15: 6 | G15: 53710.9 | H15: =_xlfn.IFS(G15>=200000,"High",G15>=100000,"Medium",G15<100000,"Low") -> Low | I15: =IF(OR(B15="Unknown",B15=""),"Unknown",TODAY()-B15) -> 397 | J15: =RIGHT(A15,4) -> 0137 | K15: =LEN(D15) -> 8 | L15: =PROPER(C15) -> Apartment | M15: =PROPER(D15) -> Hargeisa | N15: =IF(B15="Unknown","Unknown",YEAR(B15)) -> 2025
A16: Unknown02 | B16: 45820 | C16: Apartment | D16: Mogadishu | E16: 153 | F16: 5 | G16: 94612.52 | H16: =_xlfn.IFS(G16>=200000,"High",G16>=100000,"Medium",G16<100000,"Low") -> Low | I16: =IF(OR(B16="Unknown",B16=""),"Unknown",TODAY()-B16) -> 439 | J16: =RIGHT(A16,4) -> wn02 | K16: =LEN(D16) -> 9 | L16: =PROPER(C16) -> Apartment | M16: =PROPER(D16) -> Mogadishu | N16: =IF(B16="Unknown","Unknown",YEAR(B16)) -> 2025
A17: PRP0168 | B17: 46038 | C17: Apartment | D17: Mogadishu | E17: 84 | F17: 4 | G17: 69993.85 | H17: =_xlfn.IFS(G17>=200000,"High",G17>=100000,"Medium",G17<100000,"Low") -> Low | I17: =IF(OR(B17="Unknown",B17=""),"Unknown",TODAY()-B17) -> 221 | J17: =RIGHT(A17,4) -> 0168 | K17: =LEN(D17) -> 9 | L17: =PROPER(C17) -> Apartment | M17: =PROPER(D17) -> Mogadishu | N17: =IF(B17="Unknown","Unknown",YEAR(B17)) -> 2026
... A19: PRP0118 | B19: 46195 | C19: House | D19: Mogadishu | E19: 124 | F19: 6 | G19: 87390.52 | H19: =_xlfn.IFS(G19>=200000,"High",G19>=100000,"Medium",G19<100000,"Low") -> Low | I19: =IF(OR(B19="Unknown",B19=""),"Unknown",TODAY()-B19) -> 64 | J19: =RIGHT(A19,4) -> 0118 | K19: =LEN(D19) -> 9 | L19: =PROPER(C19) -> House | M19: =PROPER(D19) -> Mogadishu | N19: =IF(B19="Unknown","Unknown",YEAR(B19)) -> 2026
A20: PRP0276 | B20: Unknown | C20: Apartment | D20: Mogadishu | E20: 106 | F20: 4 | G20: 97362.81 | H20: =_xlfn.IFS(G20>=200000,"High",G20>=100000,"Medium",G20<100000,"Low") -> Low | I20: =IF(OR(B20="Unknown",B20=""),"Unknown",TODAY()-B20) -> Unknown | J20: =RIGHT(A20,4) -> 0276 | K20: =LEN(D20) -> 9 | L20: =PROPER(C20) -> Apartment | M20: =PROPER(D20) -> Mogadishu | N20: =IF(B20="Unknown","Unknown",YEAR(B20)) -> Unknown
A21: PRP0149 | B21: 46127 | C21: Apartment | D21: Mogadishu | E21: 78 | F21: 4 | G21: 59333.36 | H21: =_xlfn.IFS(G21>=200000,"High",G21>=100000,"Medium",G21<100000,"Low") -> Low | I21: =IF(OR(B21="Unknown",B21=""),"Unknown",TODAY()-B21) -> 132 | J21: =RIGHT(A21,4) -> 0149 | K21: =LEN(D21) -> 9 | L21: =PROPER(C21) -> Apartment | M21: =PROPER(D21) -> Mogadishu | N21: =IF(B21="Unknown","Unknown",YEAR(B21)) -> 2026
A22: PRP0223 | B22: 45707 | C22: Apartment | D22: Hargeisa | E22: 86 | F22: 6 | G22: 61674.83 | H22: =_xlfn.IFS(G22>=200000,"High",G22>=100000,"Medium",G22<100000,"Low") -> Low | I22: =IF(OR(B22="Unknown",B22=""),"Unknown",TODAY()-B22) -> 552 | J22: =RIGHT(A22,4) -> 0223 | K22: =LEN(D22) -> 8 | L22: =PROPER(C22) -> Apartment | M22: =PROPER(D22) -> Hargeisa | N22: =IF(B22="Unknown","Unknown",YEAR(B22)) -> 2025
A23: PRP0159 | B23: 45851 | C23: Land | D23: Mogadishu | E23: 813 | F23: 0 | G23: 505246.4 | H23: =_xlfn.IFS(G23>=200000,"High",G23>=100000,"Medium",G23<100000,"Low") -> High | I23: =IF(OR(B23="Unknown",B23=""),"Unknown",TODAY()-B23) -> 408 | J23: =RIGHT(A23,4) -> 0159 | K23: =LEN(D23) -> 9 | L23: =PROPER(C23) -> Land | M23: =PROPER(D23) -> Mogadishu | N23: =IF(B23="Unknown","Unknown",YEAR(B23)) -> 2025
A24: PRP0287 | B24: Unknown | C24: Commercial | D24: Mogadishu | E24: 82 | F24: 0 | G24: 178260.23 | H24: =_xlfn.IFS(G24>=200000,"High",G24>=100000,"Medium",G24<100000,"Low") -> Medium | I24: =IF(OR(B24="Unknown",B24=""),"Unknown",TODAY()-B24) -> Unknown | J24: =RIGHT(A24,4) -> 0287 | K24: =LEN(D24) -> 9 | L24: =PROPER(C24) -> Commercial | M24: =PROPER(D24) -> Mogadishu | N24: =IF(B24="Unknown","Unknown",YEAR(B24)) -> Unknown
A25: PRP0122 | B25: 45756 | C25: House | D25: Hargeisa | E25: 295 | F25: 3 | G25: 109022.54 | H25: =_xlfn.IFS(G25>=200000,"High",G25>=100000,"Medium",G25<100000,"Low") -> Medium | I25: =IF(OR(B25="Unknown",B25=""),"Unknown",TODAY()-B25) -> 503 | J25: =RIGHT(A25,4) -> 0122 | K25: =LEN(D25) -> 8 | L25: =PROPER(C25) -> House | M25: =PROPER(D25) -> Hargeisa | N25: =IF(B25="Unknown","Unknown",YEAR(B25)) -> 2025
A26: PRP0267 | B26: 45929 | C26: House | D26: Mogadishu | E26: 126 | F26: 2 | G26: 80684.99 | H26: =_xlfn.IFS(G26>=200000,"High",G26>=100000,"Medium",G26<100000,"Low") -> Low | I26: =IF(OR(B26="Unknown",B26=""),"Unknown",TODAY()-B26) -> 330 | J26: =RIGHT(A26,4) -> 0267 | K26: =LEN(D26) -> 9 | L26: =PROPER(C26) -> House | M26: =PROPER(D26) -> Mogadishu | N26: =IF(B26="Unknown","Unknown",YEAR(B26)) -> 2025
A27: PRP0169 | B27: 46017 | C27: Land | D27: Garowe | E27: 1131 | F27: 0 | G27: 436421.06 | H27: =_xlfn.IFS(G27>=200000,"High",G27>=100000,"Medium",G27<100000,"Low") -> High | I27: =IF(OR(B27="Unknown",B27=""),"Unknown",TODAY()-B27) -> 242 | J27: =RIGHT(A27,4) -> 0169 | K27: =LEN(D27) -> 6 | L27: =PROPER(C27) -> Land | M27: =PROPER(D27) -> Garowe | N27: =IF(B27="Unknown","Unknown",YEAR(B27)) -> 2025
A28: PRP0245 | B28: 46055 | C28: Villa | D28: Bosaso | E28: 241 | F28: 5 | G28: 205954.15 | H28: =_xlfn.IFS(G28>=200000,"High",G28>=100000,"Medium",G28<100000,"Low") -> High | I28: =IF(OR(B28="Unknown",B28=""),"Unknown",TODAY()-B28) -> 204 | J28: =RIGHT(A28,4) -> 0245 | K28: =LEN(D28) -> 6 | L28: =PROPER(C28) -> Villa | M28: =PROPER(D28) -> Bosaso | N28: =IF(B28="Unknown","Unknown",YEAR(B28)) -> 2026
A29: PRP0112 | B29: 45999 | C29: Apartment | D29: Kismayo | E29: 165 | F29: 3 | G29: 71013.35 | H29: =_xlfn.IFS(G29>=200000,"High",G29>=100000,"Medium",G29<100000,"Low") -> Low | I29: =IF(OR(B29="Unknown",B29=""),"Unknown",TODAY()-B29) -> 260 | J29: =RIGHT(A29,4) -> 0112 | K29: =LEN(D29) -> 7 | L29: =PROPER(C29) -> Apartment | M29: =PROPER(D29) -> Kismayo | N29: =IF(B29="Unknown","Unknown",YEAR(B29)) -> 2025
A30: Unknown03 | B30: 46107 | C30: Villa | D30: Garowe | E30: 246 | F30: 4 | G30: 189700.22 | H30: =_xlfn.IFS(G30>=200000,"High",G30>=100000,"Medium",G30<100000,"Low") -> Medium | I30: =IF(OR(B30="Unknown",B30=""),"Unknown",TODAY()-B30) -> 152 | J30: =RIGHT(A30,4) -> wn03 | K30: =LEN(D30) -> 6 | L30: =PROPER(C30) -> Villa | M30: =PROPER(D30) -> Garowe | N30: =IF(B30="Unknown","Unknown",YEAR(B30)) -> 2026
A31: PRP0003 | B31: 46157 | C31: House | D31: Kismayo | E31: 269 | F31: 5 | G31: 117783.73 | H31: =_xlfn.IFS(G31>=200000,"High",G31>=100000,"Medium",G31<100000,"Low") -> Medium | I31: =IF(OR(B31="Unknown",B31=""),"Unknown",TODAY()-B31) -> 102 | J31: =RIGHT(A31,4) -> 0003 | K31: =LEN(D31) -> 7 | L31: =PROPER(C31) -> House | M31: =PROPER(D31) -> Kismayo | N31: =IF(B31="Unknown","Unknown",YEAR(B31)) -> 2026
A32: PRP0177 | B32: 45822 | C32: Villa | D32: Mogadishu | E32: 428 | F32: 4 | G32: 423951.96 | H32: =_xlfn.IFS(G32>=200000,"High",G32>=100000,"Medium",G32<100000,"Low") -> High | I32: =IF(OR(B32="Unknown",B32=""),"Unknown",TODAY()-B32) -> 437 | J32: =RIGHT(A32,4) -> 0177 | K32: =LEN(D32) -> 9 | L32: =PROPER(C32) -> Villa | M32: =PROPER(D32) -> Mogadishu | N32: =IF(B32="Unknown","Unknown",YEAR(B32)) -> 2025
A33: PRP0081 | B33: 46130 | C33: House | D33: Bosaso | E33: 118 | F33: 2 | G33: 64706.06 | H33: =_xlfn.IFS(G33>=200000,"High",G33>=100000,"Medium",G33<100000,"Low") -> Low | I33: =IF(OR(B33="Unknown",B33=""),"Unknown",TODAY()-B33) -> 129 | J33: =RIGHT(A33,4) -> 0081 | K33: =LEN(D33) -> 6 | L33: =PROPER(C33) -> House | M33: =PROPER(D33) -> Bosaso | N33: =IF(B33="Unknown","Unknown",YEAR(B33)) -> 2026
A34: PRP0018 | B34: 46187 | C34: Unknown | D34: Bosaso | E34: 375 | F34: 0 | G34: 360319.2 | H34: =_xlfn.IFS(G34>=200000,"High",G34>=100000,"Medium",G34<100000,"Low") -> High | I34: =IF(OR(B34="Unknown",B34=""),"Unknown",TODAY()-B34) -> 72 | J34: =RIGHT(A34,4) -> 0018 | K34: =LEN(D34) -> 6 | L34: =PROPER(C34) -> Unknown | M34: =PROPER(D34) -> Bosaso | N34: =IF(B34="Unknown","Unknown",YEAR(B34)) -> 2026
A35: PRP0187 | B35: 46216 | C35: Land | D35: Baidoa | E35: 295 | F35: 0 | G35: 258143.66 | H35: =_xlfn.IFS(G35>=200000,"High",G35>=100000,"Medium",G35<100000,"Low") -> High | I35: =IF(OR(B35="Unknown",B35=""),"Unknown",TODAY()-B35) -> 43 | J35: =RIGHT(A35,4) -> 0187 | K35: =LEN(D35) -> 6 | L35: =PROPER(C35) -> Land | M35: =PROPER(D35) -> Baidoa | N35: =IF(B35="Unknown","Unknown",YEAR(B35)) -> 2026
A36: PRP0269 | B36: 45865 | C36: House | D36: Hargeisa | E36: 91 | F36: 2 | G36: 67703.18 | H36: =_xlfn.IFS(G36>=200000,"High",G36>=100000,"Medium",G36<100000,"Low") -> Low | I36: =IF(OR(B36="Unknown",B36=""),"Unknown",TODAY()-B36) -> 394 | J36: =RIGHT(A36,4) -> 0269 | K36: =LEN(D36) -> 8 | L36: =PROPER(C36) -> House | M36: =PROPER(D36) -> Hargeisa | N36: =IF(B36="Unknown","Unknown",YEAR(B36)) -> 2025
... A70: PRP0182 | B70: 45905 | C70: Villa | D70: Mogadishu | E70: 211 | F70: 2 | G70: 209482.86 | H70: =_xlfn.IFS(G70>=200000,"High",G70>=100000,"Medium",G70<100000,"Low") -> High | I70: =IF(OR(B70="Unknown",B70=""),"Unknown",TODAY()-B70) -> 354 | J70: =RIGHT(A70,4) -> 0182 | K70: =LEN(D70) -> 9 | L70: =PROPER(C70) -> Villa | M70: =PROPER(D70) -> Mogadishu | N70: =IF(B70="Unknown","Unknown",YEAR(B70)) -> 2025
A71: PRP0268 | B71: Unknown | C71: Land | D71: Baidoa | E71: 1078 | F71: 0 | G71: 340698.41 | H71: =_xlfn.IFS(G71>=200000,"High",G71>=100000,"Medium",G71<100000,"Low") -> High | I71: =IF(OR(B71="Unknown",B71=""),"Unknown",TODAY()-B71) -> Unknown | J71: =RIGHT(A71,4) -> 0268 | K71: =LEN(D71) -> 6 | L71: =PROPER(C71) -> Land | M71: =PROPER(D71) -> Baidoa | N71: =IF(B71="Unknown","Unknown",YEAR(B71)) -> Unknown
A72: PRP0262 | B72: 45722 | C72: Apartment | D72: Mogadishu | E72: 172 | F72: 3 | G72: 170994.69 | H72: =_xlfn.IFS(G72>=200000,"High",G72>=100000,"Medium",G72<100000,"Low") -> Medium | I72: =IF(OR(B72="Unknown",B72=""),"Unknown",TODAY()-B72) -> 537 | J72: =RIGHT(A72,4) -> 0262 | K72: =LEN(D72) -> 9 | L72: =PROPER(C72) -> Apartment | M72: =PROPER(D72) -> Mogadishu | N72: =IF(B72="Unknown","Unknown",YEAR(B72)) -> 2025
A73: PRP0031 | B73: 46157 | C73: Land | D73: Garowe | E73: 883 | F73: 0 | G73: 375425.55 | H73: =_xlfn.IFS(G73>=200000,"High",G73>=100000,"Medium",G73<100000,"Low") -> High | I73: =IF(OR(B73="Unknown",B73=""),"Unknown",TODAY()-B73) -> 102 | J73: =RIGHT(A73,4) -> 0031 | K73: =LEN(D73) -> 6 | L73: =PROPER(C73) -> Land | M73: =PROPER(D73) -> Garowe | N73: =IF(B73="Unknown","Unknown",YEAR(B73)) -> 2026
A74: PRP0080 | B74: 46070 | C74: Commercial | D74: Mogadishu | E74: 69 | F74: 0 | G74: 91262.04 | H74: =_xlfn.IFS(G74>=200000,"High",G74>=100000,"Medium",G74<100000,"Low") -> Low | I74: =IF(OR(B74="Unknown",B74=""),"Unknown",TODAY()-B74) -> 189 | J74: =RIGHT(A74,4) -> 0080 | K74: =LEN(D74) -> 9 | L74: =PROPER(C74) -> Commercial | M74: =PROPER(D74) -> Mogadishu | N74: =IF(B74="Unknown","Unknown",YEAR(B74)) -> 2026
A75: PRP0173 | B75: Unknown | C75: House | D75: Mogadishu | E75: 166 | F75: 2 | G75: 133326.93 | H75: =_xlfn.IFS(G75>=200000,"High",G75>=100000,"Medium",G75<100000,"Low") -> Medium | I75: =IF(OR(B75="Unknown",B75=""),"Unknown",TODAY()-B75) -> Unknown | J75: =RIGHT(A75,4) -> 0173 | K75: =LEN(D75) -> 9 | L75: =PROPER(C75) -> House | M75: =PROPER(D75) -> Mogadishu | N75: =IF(B75="Unknown","Unknown",YEAR(B75)) -> Unknown
A76: PRP0248 | B76: 45971 | C76: Land | D76: Baidoa | E76: 595 | F76: 0 | G76: 149841.1 | H76: =_xlfn.IFS(G76>=200000,"High",G76>=100000,"Medium",G76<100000,"Low") -> Medium | I76: =IF(OR(B76="Unknown",B76=""),"Unknown",TODAY()-B76) -> 288 | J76: =RIGHT(A76,4) -> 0248 | K76: =LEN(D76) -> 6 | L76: =PROPER(C76) -> Land | M76: =PROPER(D76) -> Baidoa | N76: =IF(B76="Unknown","Unknown",YEAR(B76)) -> 2025
A77: PRP0136 | B77: 46050 | C77: Apartment | D77: Mogadishu | E77: 89 | F77: 6 | G77: 64626.19 | H77: =_xlfn.IFS(G77>=200000,"High",G77>=100000,"Medium",G77<100000,"Low") -> Low | I77: =IF(OR(B77="Unknown",B77=""),"Unknown",TODAY()-B77) -> 209 | J77: =RIGHT(A77,4) -> 0136 | K77: =LEN(D77) -> 9 | L77: =PROPER(C77) -> Apartment | M77: =PROPER(D77) -> Mogadishu | N77: =IF(B77="Unknown","Unknown",YEAR(B77)) -> 2026
A78: PRP0079 | B78: 45701 | C78: Land | D78: Mogadishu | E78: 586 | F78: 0 | G78: 238979.75 | H78: =_xlfn.IFS(G78>=200000,"High",G78>=100000,"Medium",G78<100000,"Low") -> High | I78: =IF(OR(B78="Unknown",B78=""),"Unknown",TODAY()-B78) -> 558 | J78: =RIGHT(A78,4) -> 0079 | K78: =LEN(D78) -> 9 | L78: =PROPER(C78) -> Land | M78: =PROPER(D78) -> Mogadishu | N78: =IF(B78="Unknown","Unknown",YEAR(B78)) -> 2025
A79: PRP0225 | B79: 46114 | C79: Apartment | D79: Mogadishu | E79: 145 | F79: 2 | G79: 102546.99 | H79: =_xlfn.IFS(G79>=200000,"High",G79>=100000,"Medium",G79<100000,"Low") -> Medium | I79: =IF(OR(B79="Unknown",B79=""),"Unknown",TODAY()-B79) -> 145 | J79: =RIGHT(A79,4) -> 0225 | K79: =LEN(D79) -> 9 | L79: =PROPER(C79) -> Apartment | M79: =PROPER(D79) -> Mogadishu | N79: =IF(B79="Unknown","Unknown",YEAR(B79)) -> 2026
A80: PRP0057 | B80: 46198 | C80: Land | D80: Kismayo | E80: 887 | F80: 0 | G80: 330469.31 | H80: =_xlfn.IFS(G80>=200000,"High",G80>=100000,"Medium",G80<100000,"Low") -> High | I80: =IF(OR(B80="Unknown",B80=""),"Unknown",TODAY()-B80) -> 61 | J80: =RIGHT(A80,4) -> 0057 | K80: =LEN(D80) -> 7 | L80: =PROPER(C80) -> Land | M80: =PROPER(D80) -> Kismayo | N80: =IF(B80="Unknown","Unknown",YEAR(B80)) -> 2026
A81: PRP0181 | B81: 45883 | C81: House | D81: Mogadishu | E81: 297 | F81: 4 | G81: 310767.87 | H81: =_xlfn.IFS(G81>=200000,"High",G81>=100000,"Medium",G81<100000,"Low") -> High | I81: =IF(OR(B81="Unknown",B81=""),"Unknown",TODAY()-B81) -> 376 | J81: =RIGHT(A81,4) -> 0181 | K81: =LEN(D81) -> 9 | L81: =PROPER(C81) -> House | M81: =PROPER(D81) -> Mogadishu | N81: =IF(B81="Unknown","Unknown",YEAR(B81)) -> 2025
A82: PRP0027 | B82: 46037 | C82: House | D82: Kismayo | E82: 291 | F82: 3 | G82: 157439.37 | H82: =_xlfn.IFS(G82>=200000,"High",G82>=100000,"Medium",G82<100000,"Low") -> Medium | I82: =IF(OR(B82="Unknown",B82=""),"Unknown",TODAY()-B82) -> 222 | J82: =RIGHT(A82,4) -> 0027 | K82: =LEN(D82) -> 7 | L82: =PROPER(C82) -> House | M82: =PROPER(D82) -> Kismayo | N82: =IF(B82="Unknown","Unknown",YEAR(B82)) -> 2026
A83: PRP0247 | B83: 45835 | C83: House | D83: Garowe | E83: 235 | F83: 3 | G83: 111417.31 | H83: =_xlfn.IFS(G83>=200000,"High",G83>=100000,"Medium",G83<100000,"Low") -> Medium | I83: =IF(OR(B83="Unknown",B83=""),"Unknown",TODAY()-B83) -> 424 | J83: =RIGHT(A83,4) -> 0247 | K83: =LEN(D83) -> 6 | L83: =PROPER(C83) -> House | M83: =PROPER(D83) -> Garowe | N83: =IF(B83="Unknown","Unknown",YEAR(B83)) -> 2025
A84: PRP0131 | B84: 45844 | C84: Apartment | D84: Garowe | E84: 150 | F84: 5 | G84: 67235.58 | H84: =_xlfn.IFS(G84>=200000,"High",G84>=100000,"Medium",G84<100000,"Low") -> Low | I84: =IF(OR(B84="Unknown",B84=""),"Unknown",TODAY()-B84) -> 415 | J84: =RIGHT(A84,4) -> 0131 | K84: =LEN(D84) -> 6 | L84: =PROPER(C84) -> Apartment | M84: =PROPER(D84) -> Garowe | N84: =IF(B84="Unknown","Unknown",YEAR(B84)) -> 2025
A85: PRP0051 | B85: 45732 | C85: Land | D85: Baidoa | E85: 843 | F85: 0 | G85: 253248.66 | H85: =_xlfn.IFS(G85>=200000,"High",G85>=100000,"Medium",G85<100000,"Low") -> High | I85: =IF(OR(B85="Unknown",B85=""),"Unknown",TODAY()-B85) -> 527 | J85: =RIGHT(A85,4) -> 0051 | K85: =LEN(D85) -> 6 | L85: =PROPER(C85) -> Land | M85: =PROPER(D85) -> Baidoa | N85: =IF(B85="Unknown","Unknown",YEAR(B85)) -> 2025
A86: PRP0139 | B86: 46089 | C86: Apartment | D86: Bosaso | E86: 124 | F86: 3 | G86: 62620.84 | H86: =_xlfn.IFS(G86>=200000,"High",G86>=100000,"Medium",G86<100000,"Low") -> Low | I86: =IF(OR(B86="Unknown",B86=""),"Unknown",TODAY()-B86) -> 170 | J86: =RIGHT(A86,4) -> 0139 | K86: =LEN(D86) -> 6 | L86: =PROPER(C86) -> Apartment | M86: =PROPER(D86) -> Bosaso | N86: =IF(B86="Unknown","Unknown",YEAR(B86)) -> 2026
A87: PRP0110 | B87: 46194 | C87: Unknown | D87: Hargeisa | E87: 167 | F87: 3 | G87: 91681.95 | H87: =_xlfn.IFS(G87>=200000,"High",G87>=100000,"Medium",G87<100000,"Low") -> Low | I87: =IF(OR(B87="Unknown",B87=""),"Unknown",TODAY()-B87) -> 65 | J87: =RIGHT(A87,4) -> 0110 | K87: =LEN(D87) -> 8 | L87: =PROPER(C87) -> Unknown | M87: =PROPER(D87) -> Hargeisa | N87: =IF(B87="Unknown","Unknown",YEAR(B87)) -> 2026
... A91: PRP0083 | B91: 45878 | C91: Land | D91: Hargeisa | E91: 934 | F91: 0 | G91: 432360.21 | H91: =_xlfn.IFS(G91>=200000,"High",G91>=100000,"Medium",G91<100000,"Low") -> High | I91: =IF(OR(B91="Unknown",B91=""),"Unknown",TODAY()-B91) -> 381 | J91: =RIGHT(A91,4) -> 0083 | K91: =LEN(D91) -> 8 | L91: =PROPER(C91) -> Land | M91: =PROPER(D91) -> Hargeisa | N91: =IF(B91="Unknown","Unknown",YEAR(B91)) -> 2025
A92: PRP0240 | B92: Unknown | C92: House | D92: Bosaso | E92: 194 | F92: 1 | G92: 135462.84 | H92: =_xlfn.IFS(G92>=200000,"High",G92>=100000,"Medium",G92<100000,"Low") -> Medium | I92: =IF(OR(B92="Unknown",B92=""),"Unknown",TODAY()-B92) -> Unknown | J92: =RIGHT(A92,4) -> 0240 | K92: =LEN(D92) -> 6 | L92: =PROPER(C92) -> House | M92: =PROPER(D92) -> Bosaso | N92: =IF(B92="Unknown","Unknown",YEAR(B92)) -> Unknown
A93: PRP0009 | B93: 46045 | C93: Apartment | D93: Mogadishu | E93: 77 | F93: 3 | G93: 70238.49 | H93: =_xlfn.IFS(G93>=200000,"High",G93>=100000,"Medium",G93<100000,"Low") -> Low | I93: =IF(OR(B93="Unknown",B93=""),"Unknown",TODAY()-B93) -> 214 | J93: =RIGHT(A93,4) -> 0009 | K93: =LEN(D93) -> 9 | L93: =PROPER(C93) -> Apartment | M93: =PROPER(D93) -> Mogadishu | N93: =IF(B93="Unknown","Unknown",YEAR(B93)) -> 2026
A94: PRP0243 | B94: 45994 | C94: Commercial | D94: Mogadishu | E94: 229 | F94: 3 | G94: 298104.53 | H94: =_xlfn.IFS(G94>=200000,"High",G94>=100000,"Medium",G94<100000,"Low") -> High | I94: =IF(OR(B94="Unknown",B94=""),"Unknown",TODAY()-B94) -> 265 | J94: =RIGHT(A94,4) -> 0243 | K94: =LEN(D94) -> 9 | L94: =PROPER(C94) -> Commercial | M94: =PROPER(D94) -> Mogadishu | N94: =IF(B94="Unknown","Unknown",YEAR(B94)) -> 2025
A95: PRP0138 | B95: 45844 | C95: House | D95: Garowe | E95: 161 | F95: 4 | G95: 110245.28 | H95: =_xlfn.IFS(G95>=200000,"High",G95>=100000,"Medium",G95<100000,"Low") -> Medium | I95: =IF(OR(B95="Unknown",B95=""),"Unknown",TODAY()-B95) -> 415 | J95: =RIGHT(A95,4) -> 0138 | K95: =LEN(D95) -> 6 | L95: =PROPER(C95) -> House | M95: =PROPER(D95) -> Garowe | N95: =IF(B95="Unknown","Unknown",YEAR(B95)) -> 2025
A96: PRP0154 | B96: 46186 | C96: Commercial | D96: Unknown | E96: 206 | F96: 0 | G96: 168595.17 | H96: =_xlfn.IFS(G96>=200000,"High",G96>=100000,"Medium",G96<100000,"Low") -> Medium | I96: =IF(OR(B96="Unknown",B96=""),"Unknown",TODAY()-B96) -> 73 | J96: =RIGHT(A96,4) -> 0154 | K96: =LEN(D96) -> 7 | L96: =PROPER(C96) -> Commercial | M96: =PROPER(D96) -> Unknown | N96: =IF(B96="Unknown","Unknown",YEAR(B96)) -> 2026
A97: PRP0258 | B97: 46036 | C97: Apartment | D97: Garowe | E97: 116 | F97: 3 | G97: 73511.17 | H97: =_xlfn.IFS(G97>=200000,"High",G97>=100000,"Medium",G97<100000,"Low") -> Low | I97: =IF(OR(B97="Unknown",B97=""),"Unknown",TODAY()-B97) -> 223 | J97: =RIGHT(A97,4) -> 0258 | K97: =LEN(D97) -> 6 | L97: =PROPER(C97) -> Apartment | M97: =PROPER(D97) -> Garowe | N97: =IF(B97="Unknown","Unknown",YEAR(B97)) -> 2026
A98: PRP0234 | B98: 45813 | C98: Apartment | D98: Baidoa | E98: 141 | F98: 6 | G98: 64690.11 | H98: =_xlfn.IFS(G98>=200000,"High",G98>=100000,"Medium",G98<100000,"Low") -> Low | I98: =IF(OR(B98="Unknown",B98=""),"Unknown",TODAY()-B98) -> 446 | J98: =RIGHT(A98,4) -> 0234 | K98: =LEN(D98) -> 6 | L98: =PROPER(C98) -> Apartment | M98: =PROPER(D98) -> Baidoa | N98: =IF(B98="Unknown","Unknown",YEAR(B98)) -> 2025
A99: PRP0101 | B99: 45680 | C99: Commercial | D99: Garowe | E99: 271 | F99: 0 | G99: 265541.71 | H99: =_xlfn.IFS(G99>=200000,"High",G99>=100000,"Medium",G99<100000,"Low") -> High | I99: =IF(OR(B99="Unknown",B99=""),"Unknown",TODAY()-B99) -> 579 | J99: =RIGHT(A99,4) -> 0101 | K99: =LEN(D99) -> 6 | L99: =PROPER(C99) -> Commercial | M99: =PROPER(D99) -> Garowe | N99: =IF(B99="Unknown","Unknown",YEAR(B99)) -> 2025
A100: PRP0104 | B100: 45951 | C100: Commercial | D100: Hargeisa | E100: 448 | F100: 0 | G100: 445115.15 | H100: =_xlfn.IFS(G100>=200000,"High",G100>=100000,"Medium",G100<100000,"Low") -> High | I100: =IF(OR(B100="Unknown",B100=""),"Unknown",TODAY()-B100) -> 308 | J100: =RIGHT(A100,4) -> 0104 | K100: =LEN(D100) -> 8 | L100: =PROPER(C100) -> Commercial | M100: =PROPER(D100) -> Hargeisa | N100: =IF(B100="Unknown","Unknown",YEAR(B100)) -> 2025
A101: PRP0244 | B101: 45690 | C101: Villa | D101: Mogadishu | E101: 415 | F101: 2 | G101: 445052.71 | H101: =_xlfn.IFS(G101>=200000,"High",G101>=100000,"Medium",G101<100000,"Low") -> High | I101: =IF(OR(B101="Unknown",B101=""),"Unknown",TODAY()-B101) -> 569 | J101: =RIGHT(A101,4) -> 0244 | K101: =LEN(D101) -> 9 | L101: =PROPER(C101) -> Villa | M101: =PROPER(D101) -> Mogadishu | N101: =IF(B101="Unknown","Unknown",YEAR(B101)) -> 2025
A102: Unknown06 | B102: 45666 | C102: Apartment | D102: Hargeisa | E102: 154 | F102: 3 | G102: 116015.65 | H102: =_xlfn.IFS(G102>=200000,"High",G102>=100000,"Medium",G102<100000,"Low") -> Medium | I102: =IF(OR(B102="Unknown",B102=""),"Unknown",TODAY()-B102) -> 593 | J102: =RIGHT(A102,4) -> wn06 | K102: =LEN(D102) -> 8 | L102: =PROPER(C102) -> Apartment | M102: =PROPER(D102) -> Hargeisa | N102: =IF(B102="Unknown","Unknown",YEAR(B102)) -> 2025
A103: PRP0259 | B103: 45931 | C103: Apartment | D103: Hargeisa | E103: 61 | F103: 1 | G103: 46892.15 | H103: =_xlfn.IFS(G103>=200000,"High",G103>=100000,"Medium",G103<100000,"Low") -> Low | I103: =IF(OR(B103="Unknown",B103=""),"Unknown",TODAY()-B103) -> 328 | J103: =RIGHT(A103,4) -> 0259 | K103: =LEN(D103) -> 8 | L103: =PROPER(C103) -> Apartment | M103: =PROPER(D103) -> Hargeisa | N103: =IF(B103="Unknown","Unknown",YEAR(B103)) -> 2025
A104: PRP0228 | B104: 45798 | C104: Commercial | D104: Bosaso | E104: 270 | F104: 0 | G104: 262440.46 | H104: =_xlfn.IFS(G104>=200000,"High",G104>=100000,"Medium",G104<100000,"Low") -> High | I104: =IF(OR(B104="Unknown",B104=""),"Unknown",TODAY()-B104) -> 461 | J104: =RIGHT(A104,4) -> 0228 | K104: =LEN(D104) -> 6 | L104: =PROPER(C104) -> Commercial | M104: =PROPER(D104) -> Bosaso | N104: =IF(B104="Unknown","Unknown",YEAR(B104)) -> 2025
... A123: PRP0061 | B123: 46186 | C123: Apartment | D123: Kismayo | E123: 53 | F123: 6 | G123: 30902.87 | H123: =_xlfn.IFS(G123>=200000,"High",G123>=100000,"Medium",G123<100000,"Low") -> Low | I123: =IF(OR(B123="Unknown",B123=""),"Unknown",TODAY()-B123) -> 73 | J123: =RIGHT(A123,4) -> 0061 | K123: =LEN(D123) -> 7 | L123: =PROPER(C123) -> Apartment | M123: =PROPER(D123) -> Kismayo | N123: =IF(B123="Unknown","Unknown",YEAR(B123)) -> 2026
A124: PRP0070 | B124: Unknown | C124: Villa | D124: Mogadishu | E124: 409 | F124: 3 | G124: 347482.18 | H124: =_xlfn.IFS(G124>=200000,"High",G124>=100000,"Medium",G124<100000,"Low") -> High | I124: =IF(OR(B124="Unknown",B124=""),"Unknown",TODAY()-B124) -> Unknown | J124: =RIGHT(A124,4) -> 0070 | K124: =LEN(D124) -> 9 | L124: =PROPER(C124) -> Villa | M124: =PROPER(D124) -> Mogadishu | N124: =IF(B124="Unknown","Unknown",YEAR(B124)) -> Unknown
A125: PRP0088 | B125: 45900 | C125: Apartment | D125: Mogadishu | E125: 116 | F125: 1 | G125: 87578.6 | H125: =_xlfn.IFS(G125>=200000,"High",G125>=100000,"Medium",G125<100000,"Low") -> Low | I125: =IF(OR(B125="Unknown",B125=""),"Unknown",TODAY()-B125) -> 359 | J125: =RIGHT(A125,4) -> 0088 | K125: =LEN(D125) -> 9 | L125: =PROPER(C125) -> Apartment | M125: =PROPER(D125) -> Mogadishu | N125: =IF(B125="Unknown","Unknown",YEAR(B125)) -> 2025
A126: PRP0120 | B126: 45886 | C126: Land | D126: Baidoa | E126: 797 | F126: 3 | G126: 255821.08 | H126: =_xlfn.IFS(G126>=200000,"High",G126>=100000,"Medium",G126<100000,"Low") -> High | I126: =IF(OR(B126="Unknown",B126=""),"Unknown",TODAY()-B126) -> 373 | J126: =RIGHT(A126,4) -> 0120 | K126: =LEN(D126) -> 6 | L126: =PROPER(C126) -> Land | M126: =PROPER(D126) -> Baidoa | N126: =IF(B126="Unknown","Unknown",YEAR(B126)) -> 2025
A127: PRP0200 | B127: 45855 | C127: Villa | D127: Hargeisa | E127: 416 | F127: 2 | G127: 359691.04 | H127: =_xlfn.IFS(G127>=200000,"High",G127>=100000,"Medium",G127<100000,"Low") -> High | I127: =IF(OR(B127="Unknown",B127=""),"Unknown",TODAY()-B127) -> 404 | J127: =RIGHT(A127,4) -> 0200 | K127: =LEN(D127) -> 8 | L127: =PROPER(C127) -> Villa | M127: =PROPER(D127) -> Hargeisa | N127: =IF(B127="Unknown","Unknown",YEAR(B127)) -> 2025
A128: PRP0135 | B128: 45684 | C128: Land | D128: Mogadishu | E128: 1034 | F128: 3 | G128: 633286.54 | H128: =_xlfn.IFS(G128>=200000,"High",G128>=100000,"Medium",G128<100000,"Low") -> High | I128: =IF(OR(B128="Unknown",B128=""),"Unknown",TODAY()-B128) -> 575 | J128: =RIGHT(A128,4) -> 0135 | K128: =LEN(D128) -> 9 | L128: =PROPER(C128) -> Land | M128: =PROPER(D128) -> Mogadishu | N128: =IF(B128="Unknown","Unknown",YEAR(B128)) -> 2025
A129: PRP0059 | B129: 45872 | C129: Apartment | D129: Hargeisa | E129: 85 | F129: 6 | G129: 45594.97 | H129: =_xlfn.IFS(G129>=200000,"High",G129>=100000,"Medium",G129<100000,"Low") -> Low | I129: =IF(OR(B129="Unknown",B129=""),"Unknown",TODAY()-B129) -> 387 | J129: =RIGHT(A129,4) -> 0059 | K129: =LEN(D129) -> 8 | L129: =PROPER(C129) -> Apartment | M129: =PROPER(D129) -> Hargeisa | N129: =IF(B129="Unknown","Unknown",YEAR(B129)) -> 2025
A130: PRP0132 | B130: 45872 | C130: Land | D130: Mogadishu | E130: 1050 | F130: 0 | G130: 585752.54 | H130: =_xlfn.IFS(G130>=200000,"High",G130>=100000,"Medium",G130<100000,"Low") -> High | I130: =IF(OR(B130="Unknown",B130=""),"Unknown",TODAY()-B130) -> 387 | J130: =RIGHT(A130,4) -> 0132 | K130: =LEN(D130) -> 9 | L130: =PROPER(C130) -> Land | M130: =PROPER(D130) -> Mogadishu | N130: =IF(B130="Unknown","Unknown",YEAR(B130)) -> 2025
A131: PRP0069 | B131: 45901 | C131: Villa | D131: Mogadishu | E131: 400 | F131: 6 | G131: 334811.99 | H131: =_xlfn.IFS(G131>=200000,"High",G131>=100000,"Medium",G131<100000,"Low") -> High | I131: =IF(OR(B131="Unknown",B131=""),"Unknown",TODAY()-B131) -> 358 | J131: =RIGHT(A131,4) -> 0069 | K131: =LEN(D131) -> 9 | L131: =PROPER(C131) -> Villa | M131: =PROPER(D131) -> Mogadishu | N131: =IF(B131="Unknown","Unknown",YEAR(B131)) -> 2025
A132: PRP0086 | B132: 45893 | C132: Villa | D132: Garowe | E132: 205 | F132: 1 | G132: 140423.18 | H132: =_xlfn.IFS(G132>=200000,"High",G132>=100000,"Medium",G132<100000,"Low") -> Medium | I132: =IF(OR(B132="Unknown",B132=""),"Unknown",TODAY()-B132) -> 366 | J132: =RIGHT(A132,4) -> 0086 | K132: =LEN(D132) -> 6 | L132: =PROPER(C132) -> Villa | M132: =PROPER(D132) -> Garowe | N132: =IF(B132="Unknown","Unknown",YEAR(B132)) -> 2025
A133: PRP0039 | B133: 46114 | C133: Apartment | D133: Bosaso | E133: 98 | F133: 6 | G133: 58990.06 | H133: =_xlfn.IFS(G133>=200000,"High",G133>=100000,"Medium",G133<100000,"Low") -> Low | I133: =IF(OR(B133="Unknown",B133=""),"Unknown",TODAY()-B133) -> 145 | J133: =RIGHT(A133,4) -> 0039 | K133: =LEN(D133) -> 6 | L133: =PROPER(C133) -> Apartment | M133: =PROPER(D133) -> Bosaso | N133: =IF(B133="Unknown","Unknown",YEAR(B133)) -> 2026
A134: PRP0213 | B134: 45862 | C134: House | D134: Mogadishu | E134: 135 | F134: 5 | G134: 120354.21 | H134: =_xlfn.IFS(G134>=200000,"High",G134>=100000,"Medium",G134<100000,"Low") -> Medium | I134: =IF(OR(B134="Unknown",B134=""),"Unknown",TODAY()-B134) -> 397 | J134: =RIGHT(A134,4) -> 0213 | K134: =LEN(D134) -> 9 | L134: =PROPER(C134) -> House | M134: =PROPER(D134) -> Mogadishu | N134: =IF(B134="Unknown","Unknown",YEAR(B134)) -> 2025
A135: PRP0167 | B135: 45763 | C135: Apartment | D135: Unknown | E135: 64 | F135: 4 | G135: 49469.93 | H135: =_xlfn.IFS(G135>=200000,"High",G135>=100000,"Medium",G135<100000,"Low") -> Low | I135: =IF(OR(B135="Unknown",B135=""),"Unknown",TODAY()-B135) -> 496 | J135: =RIGHT(A135,4) -> 0167 | K135: =LEN(D135) -> 7 | L135: =PROPER(C135) -> Apartment | M135: =PROPER(D135) -> Unknown | N135: =IF(B135="Unknown","Unknown",YEAR(B135)) -> 2025
A136: PRP0097 | B136: 45756 | C136: House | D136: Garowe | E136: 295 | F136: 1 | G136: 132570.15 | H136: =_xlfn.IFS(G136>=200000,"High",G136>=100000,"Medium",G136<100000,"Low") -> Medium | I136: =IF(OR(B136="Unknown",B136=""),"Unknown",TODAY()-B136) -> 503 | J136: =RIGHT(A136,4) -> 0097 | K136: =LEN(D136) -> 6 | L136: =PROPER(C136) -> House | M136: =PROPER(D136) -> Garowe | N136: =IF(B136="Unknown","Unknown",YEAR(B136)) -> 2025
... A141: PRP0043 | B141: 45785 | C141: Unknown | D141: Baidoa | E141: 144 | F141: 2 | G141: 56872.96 | H141: =_xlfn.IFS(G141>=200000,"High",G141>=100000,"Medium",G141<100000,"Low") -> Low | I141: =IF(OR(B141="Unknown",B141=""),"Unknown",TODAY()-B141) -> 474 | J141: =RIGHT(A141,4) -> 0043 | K141: =LEN(D141) -> 6 | L141: =PROPER(C141) -> Unknown | M141: =PROPER(D141) -> Baidoa | N141: =IF(B141="Unknown","Unknown",YEAR(B141)) -> 2025
A142: PRP0264 | B142: Unknown | C142: Apartment | D142: Garowe | E142: 113 | F142: 6 | G142: 2000022 | H142: =_xlfn.IFS(G142>=200000,"High",G142>=100000,"Medium",G142<100000,"Low") -> High | I142: =IF(OR(B142="Unknown",B142=""),"Unknown",TODAY()-B142) -> Unknown | J142: =RIGHT(A142,4) -> 0264 | K142: =LEN(D142) -> 6 | L142: =PROPER(C142) -> Apartment | M142: =PROPER(D142) -> Garowe | N142: =IF(B142="Unknown","Unknown",YEAR(B142)) -> Unknown
A143: PRP0076 | B143: 45987 | C143: Apartment | D143: Unknown | E143: 114 | F143: 2 | G143: 71507.08 | H143: =_xlfn.IFS(G143>=200000,"High",G143>=100000,"Medium",G143<100000,"Low") -> Low | I143: =IF(OR(B143="Unknown",B143=""),"Unknown",TODAY()-B143) -> 272 | J143: =RIGHT(A143,4) -> 0076 | K143: =LEN(D143) -> 7 | L143: =PROPER(C143) -> Apartment | M143: =PROPER(D143) -> Unknown | N143: =IF(B143="Unknown","Unknown",YEAR(B143)) -> 2025
A144: PRP0280 | B144: 45742 | C144: Unknown | D144: Mogadishu | E144: 283 | F144: 1 | G144: 194446.63 | H144: =_xlfn.IFS(G144>=200000,"High",G144>=100000,"Medium",G144<100000,"Low") -> Medium | I144: =IF(OR(B144="Unknown",B144=""),"Unknown",TODAY()-B144) -> 517 | J144: =RIGHT(A144,4) -> 0280 | K144: =LEN(D144) -> 9 | L144: =PROPER(C144) -> Unknown | M144: =PROPER(D144) -> Mogadishu | N144: =IF(B144="Unknown","Unknown",YEAR(B144)) -> 2025
A145: PRP0006 | B145: 45688 | C145: Apartment | D145: Mogadishu | E145: 108 | F145: 3 | G145: 100687.2 | H145: =_xlfn.IFS(G145>=200000,"High",G145>=100000,"Medium",G145<100000,"Low") -> Medium | I145: =IF(OR(B145="Unknown",B145=""),"Unknown",TODAY()-B145) -> 571 | J145: =RIGHT(A145,4) -> 0006 | K145: =LEN(D145) -> 9 | L145: =PROPER(C145) -> Apartment | M145: =PROPER(D145) -> Mogadishu | N145: =IF(B145="Unknown","Unknown",YEAR(B145)) -> 2025
A146: PRP0085 | B146: 46059 | C146: House | D146: Kismayo | E146: 160 | F146: 4 | G146: 67317.18 | H146: =_xlfn.IFS(G146>=200000,"High",G146>=100000,"Medium",G146<100000,"Low") -> Low | I146: =IF(OR(B146="Unknown",B146=""),"Unknown",TODAY()-B146) -> 200 | J146: =RIGHT(A146,4) -> 0085 | K146: =LEN(D146) -> 7 | L146: =PROPER(C146) -> House | M146: =PROPER(D146) -> Kismayo | N146: =IF(B146="Unknown","Unknown",YEAR(B146)) -> 2026
A147: PRP0157 | B147: 46116 | C147: House | D147: Kismayo | E147: 295 | F147: 3 | G147: 69647.41 | H147: =_xlfn.IFS(G147>=200000,"High",G147>=100000,"Medium",G147<100000,"Low") -> Low | I147: =IF(OR(B147="Unknown",B147=""),"Unknown",TODAY()-B147) -> 143 | J147: =RIGHT(A147,4) -> 0157 | K147: =LEN(D147) -> 7 | L147: =PROPER(C147) -> House | M147: =PROPER(D147) -> Kismayo | N147: =IF(B147="Unknown","Unknown",YEAR(B147)) -> 2026
A148: PRP0041 | B148: 45951 | C148: Land | D148: Baidoa | E148: 1037 | F148: 0 | G148: 212834.03 | H148: =_xlfn.IFS(G148>=200000,"High",G148>=100000,"Medium",G148<100000,"Low") -> High | I148: =IF(OR(B148="Unknown",B148=""),"Unknown",TODAY()-B148) -> 308 | J148: =RIGHT(A148,4) -> 0041 | K148: =LEN(D148) -> 6 | L148: =PROPER(C148) -> Land | M148: =PROPER(D148) -> Baidoa | N148: =IF(B148="Unknown","Unknown",YEAR(B148)) -> 2025
A149: PRP0115 | B149: 45976 | C149: Commercial | D149: Kismayo | E149: 122 | F149: 3 | G149: 72454.35 | H149: =_xlfn.IFS(G149>=200000,"High",G149>=100000,"Medium",G149<100000,"Low") -> Low | I149: =IF(OR(B149="Unknown",B149=""),"Unknown",TODAY()-B149) -> 283 | J149: =RIGHT(A149,4) -> 0115 | K149: =LEN(D149) -> 7 | L149: =PROPER(C149) -> Commercial | M149: =PROPER(D149) -> Kismayo | N149: =IF(B149="Unknown","Unknown",YEAR(B149)) -> 2025
A150: PRP0227 | B150: 46154 | C150: Land | D150: Kismayo | E150: 522 | F150: 0 | G150: 172424.78 | H150: =_xlfn.IFS(G150>=200000,"High",G150>=100000,"Medium",G150<100000,"Low") -> Medium | I150: =IF(OR(B150="Unknown",B150=""),"Unknown",TODAY()-B150) -> 105 | J150: =RIGHT(A150,4) -> 0227 | K150: =LEN(D150) -> 7 | L150: =PROPER(C150) -> Land | M150: =PROPER(D150) -> Kismayo | N150: =IF(B150="Unknown","Unknown",YEAR(B150)) -> 2026
A151: PRP0189 | B151: 45772 | C151: House | D151: Mogadishu | E151: 254 | F151: 3 | G151: 207891.14 | H151: =_xlfn.IFS(G151>=200000,"High",G151>=100000,"Medium",G151<100000,"Low") -> High | I151: =IF(OR(B151="Unknown",B151=""),"Unknown",TODAY()-B151) -> 487 | J151: =RIGHT(A151,4) -> 0189 | K151: =LEN(D151) -> 9 | L151: =PROPER(C151) -> House | M151: =PROPER(D151) -> Mogadishu | N151: =IF(B151="Unknown","Unknown",YEAR(B151)) -> 2025
A152: PRP0290 | B152: 46052 | C152: House | D152: Garowe | E152: 266 | F152: 3 | G152: 148627.41 | H152: =_xlfn.IFS(G152>=200000,"High",G152>=100000,"Medium",G152<100000,"Low") -> Medium | I152: =IF(OR(B152="Unknown",B152=""),"Unknown",TODAY()-B152) -> 207 | J152: =RIGHT(A152,4) -> 0290 | K152: =LEN(D152) -> 6 | L152: =PROPER(C152) -> House | M152: =PROPER(D152) -> Garowe | N152: =IF(B152="Unknown","Unknown",YEAR(B152)) -> 2026
A153: PRP0249 | B153: 46017 | C153: Land | D153: Baidoa | E153: 2005 | F153: 0 | G153: 116193.49 | H153: =_xlfn.IFS(G153>=200000,"High",G153>=100000,"Medium",G153<100000,"Low") -> Medium | I153: =IF(OR(B153="Unknown",B153=""),"Unknown",TODAY()-B153) -> 242 | J153: =RIGHT(A153,4) -> 0249 | K153: =LEN(D153) -> 6 | L153: =PROPER(C153) -> Land | M153: =PROPER(D153) -> Baidoa | N153: =IF(B153="Unknown","Unknown",YEAR(B153)) -> 2025
A154: PRP0103 | B154: 46183 | C154: Apartment | D154: Hargeisa | E154: 49 | F154: 4 | G154: 28456.09 | H154: =_xlfn.IFS(G154>=200000,"High",G154>=100000,"Medium",G154<100000,"Low") -> Low | I154: =IF(OR(B154="Unknown",B154=""),"Unknown",TODAY()-B154) -> 76 | J154: =RIGHT(A154,4) -> 0103 | K154: =LEN(D154) -> 8 | L154: =PROPER(C154) -> Apartment | M154: =PROPER(D154) -> Hargeisa | N154: =IF(B154="Unknown","Unknown",YEAR(B154)) -> 2026
... A168: PRP0231 | B168: 46195 | C168: Apartment | D168: Hargeisa | E168: 130 | F168: 3 | G168: 80759.42 | H168: =_xlfn.IFS(G168>=200000,"High",G168>=100000,"Medium",G168<100000,"Low") -> Low | I168: =IF(OR(B168="Unknown",B168=""),"Unknown",TODAY()-B168) -> 64 | J168: =RIGHT(A168,4) -> 0231 | K168: =LEN(D168) -> 8 | L168: =PROPER(C168) -> Apartment | M168: =PROPER(D168) -> Hargeisa | N168: =IF(B168="Unknown","Unknown",YEAR(B168)) -> 2026
A169: PRP0111 | B169: Unknown | C169: Apartment | D169: Mogadishu | E169: 157 | F169: 6 | G169: 136989.97 | H169: =_xlfn.IFS(G169>=200000,"High",G169>=100000,"Medium",G169<100000,"Low") -> Medium | I169: =IF(OR(B169="Unknown",B169=""),"Unknown",TODAY()-B169) -> Unknown | J169: =RIGHT(A169,4) -> 0111 | K169: =LEN(D169) -> 9 | L169: =PROPER(C169) -> Apartment | M169: =PROPER(D169) -> Mogadishu | N169: =IF(B169="Unknown","Unknown",YEAR(B169)) -> Unknown
A170: PRP0257 | B170: 45723 | C170: Apartment | D170: Baidoa | E170: 173 | F170: 3 | G170: 82765.76 | H170: =_xlfn.IFS(G170>=200000,"High",G170>=100000,"Medium",G170<100000,"Low") -> Low | I170: =IF(OR(B170="Unknown",B170=""),"Unknown",TODAY()-B170) -> 536 | J170: =RIGHT(A170,4) -> 0257 | K170: =LEN(D170) -> 6 | L170: =PROPER(C170) -> Apartment | M170: =PROPER(D170) -> Baidoa | N170: =IF(B170="Unknown","Unknown",YEAR(B170)) -> 2025
A171: PRP0093 | B171: 46116 | C171: Apartment | D171: Mogadishu | E171: 96 | F171: 2 | G171: 178260.23 | H171: =_xlfn.IFS(G171>=200000,"High",G171>=100000,"Medium",G171<100000,"Low") -> Medium | I171: =IF(OR(B171="Unknown",B171=""),"Unknown",TODAY()-B171) -> 143 | J171: =RIGHT(A171,4) -> 0093 | K171: =LEN(D171) -> 9 | L171: =PROPER(C171) -> Apartment | M171: =PROPER(D171) -> Mogadishu | N171: =IF(B171="Unknown","Unknown",YEAR(B171)) -> 2026
A172: PRP0251 | B172: 45977 | C172: Apartment | D172: Hargeisa | E172: 80 | F172: 3 | G172: 47609.54 | H172: =_xlfn.IFS(G172>=200000,"High",G172>=100000,"Medium",G172<100000,"Low") -> Low | I172: =IF(OR(B172="Unknown",B172=""),"Unknown",TODAY()-B172) -> 282 | J172: =RIGHT(A172,4) -> 0251 | K172: =LEN(D172) -> 8 | L172: =PROPER(C172) -> Apartment | M172: =PROPER(D172) -> Hargeisa | N172: =IF(B172="Unknown","Unknown",YEAR(B172)) -> 2025
...

Sheet Analysis
E1: DATA QUALITY SUMMARY
B3: BEFORE CLEANING | E3: AFTER CLEANING | H3: CLEANING STATUS
B4: Quality Check | C4: Result | E4: Quality Check | F4: Result | H4: Item | I4: Status
B5: Total Records | C5: 300 | E5: Total Records | F5: =COUNTA(Clean_Data!A2:A301) -> 292 | H5: Duplicates Removed | I5: Completed
B6: Duplicate Records | C6: 8 | E6: Duplicate Records | F6: 0 | H6: Missing Values Handled | I6: Completed
B7: Blank Rows | C7: 0 | E7: Blank Rows | F7: 0 | H7: Inconsistent Values Corrected | I7: Completed
B8: Missing Values | C8: 111 | E8: Missing Values | F8: 0 | H8: Text Cleaning | I8: Completed
C10: PROPERTY ANALYSIS SUMMARY | G10: SUMMARY MISSING
B12: Metric | C12: Value | F12: Metric | G12: Value
B13: Total Properties | C13: =COUNTA(Clean_Data!A2:A1000) -> 292 | F13: Property_ID | G13: =COUNTBLANK(Raw_Data!A2:A301) -> 15
B14: total price | C14: =SUM(PropertyTable[Price]) -> 52230254 | F14: Listing_Date | G14: =COUNTBLANK(Raw_Data!B2:B301) -> 15
B15: Average Price | C15: =AVERAGE(Clean_Data!G2:G293) -> 178870.73 | F15: Property_Type | G15: =COUNTBLANK(Raw_Data!C2:C301) -> 17
B16: Minimum Price | C16: =MIN(Clean_Data!G2:G293) -> 17505.31 | F16: Location | G16: =COUNTBLANK(Raw_Data!D2:D301) -> 18
B17: Maximum Price | C17: =MAX(Clean_Data!G2:G293) -> 2000022 | F17: Size_Sqm | G17: =COUNTBLANK(Raw_Data!E2:E301) -> 15
B18: Average Size (sqm) | C18: =AVERAGE(Clean_Data!E2:E293) -> 294.5274 | F18: Bedrooms | G18: =COUNTBLANK(Raw_Data!F2:F301) -> 16
B19: Average Bedrooms | C19: =AVERAGE(Clean_Data!F2:F293) -> 2.6267123 | F19: Price | G19: =COUNTBLANK(Raw_Data!G2:G301) -> 15
B20: Price Range | C20: =MAX(Clean_Data!G2:G293)-MIN(Clean_Data!G2:G293) -> 1982516.7 | F20: Total | G20: =SUM(G13:G19) -> 111
B21: 2025 Properties | C21: =COUNTIFS(PropertyTable[Listing_Date],">="&DATE(2025,1,1),PropertyTable[Listing_Date],"<"&DATE(2026,1,1)) -> 169
B22: 2026 Properties | C22: =COUNTIFS(PropertyTable[Listing_Date],">="&DATE(2026,1,1),PropertyTable[Listing_Date],"<"&DATE(2027,1,1)) -> 107
B23: Most Common Type | C23: =INDEX(Clean_Data!C2:C293,MODE(MATCH(Clean_Data!C2:C293,Clean_Data!C2:C293,0))) -> Apartment
B24: Top Location | C24: =INDEX(Clean_Data!D2:D293,MODE(MATCH(Clean_Data!D2:D293,Clean_Data!D2:D293,0))) -> Mogadishu
B25: High | C25: =COUNTIF(PropertyTable[Price_Category],"High") -> 85

Sheet PivotTables
A1: Properties by Location
A3: Row Labels | B3: Count of Property_ID
A4: Hargeisa | B4: 4
A5: Mogadishu | B5: 8
A6: Grand Total | B6: 12
A13: Property Type Distribution
A14: Row Labels | B14: Sum of Price
A15: Unknown | B15: 2496165.9
A16: Grand Total | B16: 2496165.9
A24: Average Price by Location
A26: Row Labels | B26: Average of Price
A27: Hargeisa | B27: 165454.05
A28: Mogadishu | B28: 229293.71
A29: Grand Total | B29: 208013.83
A37: Total Property Value by Type
A39: Row Labels | B39: Count of Property_ID
A40: Unknown | B40: 12
A41: Grand Total | B41: 12
A49: Total Property Size by Location
A50: Row Labels | B50: Sum of Size_Sqm
A51: Hargeisa | B51: 1481
A52: Mogadishu | B52: 2384
A53: Grand Total | B53: 3865
A63: Row Labels | B63: Sum of Bedrooms
A64: Hargeisa | B64: 11
A65: Mogadishu | B65: 20
A66: Grand Total | B66: 31
A81: Row Labels | B81: Average of Size_Sqm
A82: Hargeisa | B82: 370.25
A83: Mogadishu | B83: 298
A84: Grand Total | B84: 322.08333
A95: Row Labels | B95: Max of Price
A96: Hargeisa | B96: 380318.1
A97: Mogadishu | B97: 620677.11
A98: Grand Total | B98: 620677.11
A158: Row Labels
A159: Unknown
A160: 45662
A161: 45663
A162: 45665
A163: 45666
A164: 45670
A165: 45671
A166: 45673
A167: 45674
A168: 45680
A169: 45682
A170: 45683
A171: 45684
... A379: 46225
A380: (blank)
A381: Grand Total

Sheet Dashbroad_1
E1: REAL ESTATE DASHBOARD 1 – OVERVIEW
F2: Summary of Properties, Types, Prices and Locations
D4: TOTAL PROPERTIES | F4: AVERAGE PRICE | H4: AVERAGE SIZE | J4: HIGHEST PRICE
D6: =COUNTA(PropertyTable[Property_ID]) -> 292 | F6: =AVERAGEA(PropertyTable[Price]) -> 178870.73 | H6: =AVERAGEA(PropertyTable[Size_Sqm]) -> 294.5274 | J6: =MAX(PropertyTable[Price]) -> 2000022

Sheet Dashbroad_2
D1: REAL ESTATE DASHBOARD 2 – ANALYSIS
E2: Deeper Analysis of Price, Size, Bedrooms and Value
D4: TOTAL PROPERTIES | F4: TOTAL PROPERTY PRICE | H4: TOTAL BEDROOMS | K4: AVERAGE BEDROOMS
D6: =COUNTA(PropertyTable[Property_ID]) -> 292 | F6: =SUM(PropertyTable[Price]) -> 52230254 | H6: =SUM(PropertyTable[Bedrooms]) -> 767 | K6: =AVERAGEA(PropertyTable[Bedrooms]) -> 2.6267123

Sheet Findings
D1: FINDINGS & RECOMMENDATIONS
D2: Project: Real Estate Property Data Analysis | Dataset: Real Estate Property Data | Records analyzed: 292 (after cleaning)
A4: KEY FINDINGS
A5: 1. Mogadishu has the highest number of properties, with 101 listings, making it the largest market in the dataset.
A6: 2. Apartment is the most common property type, with 96 properties, followed by Houses with 59.
A7: 3. Mogadishu has the highest average property price, at about $209,588, slightly higher than Garowe at $206,754.
A8: 4. Data quality improved after cleaning; 8 duplicate records were removed and missing values were handled, leaving 292 clean records.
A10: RECOMMENDATIONS
A11: 1. Focus more on Mogadishu, because it has the largest number of properties and strong average prices.
A12: 2. Monitor the apartment market, since apartments make up the largest share of the available properties.
A13: 3. Review pricing by location, especially in Mogadishu and Garowe, to understand why their average prices are higher.
A14: 4. Keep the data regularly updated and cleaned to reduce missing, duplicate, and unknown information.
A16: SUMMARY
A17: Overall, the data shows that Mogadishu has the strongest property market, with the most listings and high average prices.
A18: Apartments are the most common property type, and the cleaned data is more reliable for analysis.
